peptide	length	biopy_mw	rdkit_mw	pI	net_charge_7p4	GRAVY	instability_index	aliphatic_index	boman_index	frac_hydrophobic	frac_charged	frac_proline	TPSA	HBD	HBA	rot_bonds	QED	GI_internal_sites	GI_total_sites	GI_cpa_vuln	GI_nterm_vuln	GI_cpa_blocked	GI_nterm_blocked	GI_exo_vuln	DPP4_substrate_motif	GI_stability_class	dG_Vina	is_Top3
LPPQ	4	453.53	453.26	5.53	-0.44	-0.725	151.9	97.5	0.375	0.25	0.0	0.5	176.1	4	6	10	0.334	1	3	1	1	0	0	1	1	Moderate (1 endoprotease site)	-7.472	1
APSPE	5	499.51	499.23	4.6	-1.39	-1.14	207.7	20.0	-0.82	0.2	0.2	0.4	219.7	6	8	11	0.172	2	4	1	1	0	0	1	1	Low (multiple endoprotease sites)	-7.15	1
LAPSP	5	483.56	483.27	5.53	-0.44	0.32	172.9	98.0	0.34	0.4	0.0	0.4	182.4	5	7	10	0.246	3	4	0	1	1	0	1	1	Low (multiple endoprotease sites)	-7.087	1
LPGP	4	382.45	382.22	5.53	-0.44	0.05	55.7	97.5	0.55	0.25	0.0	0.5	133.0	3	5	7	0.546	2	3	0	1	1	0	1	1	Low (multiple endoprotease sites)	-7.075	0
LPINP	5	552.66	552.33	5.53	-0.44	0.32	40.8	156.0	0.74	0.4	0.0	0.4	205.2	5	7	13	0.197	1	2	0	1	1	0	1	1	Moderate (1 endoprotease site)	-6.988	0
LPSP	4	412.48	412.23	5.53	-0.44	-0.05	213.7	97.5	0.3	0.25	0.0	0.5	153.3	4	6	8	0.395	2	3	0	1	1	0	1	1	Low (multiple endoprotease sites)	-6.867	0
LPCPR	5	584.73	584.31	8.25	0.53	-0.28	54.9	78.0	0.6	0.4	0.2	0.4	224.0	8	8	14	0.052	1	3	1	1	0	0	1	1	Moderate (1 endoprotease site)	-6.835	0
LPGDP	5	497.54	497.25	4.05	-1.44	-0.66	46.5	78.0	-0.06	0.2	0.2	0.4	199.4	5	7	11	0.225	2	3	0	1	1	0	1	1	Low (multiple endoprotease sites)	-6.793	0
LPDDP	5	555.58	555.25	4.05	-2.44	-1.28	31.4	78.0	-0.56	0.2	0.4	0.4	236.7	6	8	13	0.15	1	2	0	1	1	0	1	1	Moderate (1 endoprotease site)	-6.693	0
APSQP	5	498.53	498.24	5.57	-0.39	-1.14	162.1	20.0	-0.36	0.2	0.0	0.4	225.5	6	8	11	0.167	2	3	0	1	1	0	1	1	Low (multiple endoprotease sites)	-6.515	0
LPE	3	357.4	357.19	4.6	-1.44	-0.433	128.8	130.0	-0.167	0.333	0.333	0.333	150.0	4	5	9	0.445	1	3	1	1	0	0	1	1	Moderate (1 endoprotease site)	-6.488	0
CAPP	4	386.47	386.16	5.52	-0.47	0.275	103.8	25.0	-0.275	0.5	0.0	0.5	133.0	4	6	6	0.425	1	2	0	1	1	0	1	1	Moderate (1 endoprotease site)	-6.471	0
VPV	3	313.39	313.2	5.49	-0.48	2.267	135.1	193.3	1.5	0.667	0.0	0.333	112.7	3	4	6	0.648	1	3	1	1	0	0	1	1	Moderate (1 endoprotease site)	-6.458	0
LPPGP	5	479.57	479.27	5.53	-0.44	-0.28	85.0	78.0	0.38	0.2	0.0	0.6	153.3	3	6	8	0.425	2	3	0	1	1	0	1	1	Low (multiple endoprotease sites)	-6.455	0
VPK	3	342.43	342.23	8.72	0.52	-0.433	70.9	96.7	1.3	0.333	0.333	0.333	138.8	4	5	9	0.423	1	3	1	1	0	0	1	1	Moderate (1 endoprotease site)	-6.431	0
VPT	3	315.37	315.18	5.49	-0.48	0.633	70.9	96.7	0.6	0.333	0.0	0.333	133.0	4	5	6	0.492	1	3	1	1	0	0	1	1	Moderate (1 endoprotease site)	-6.431	0
LPQ	3	356.42	356.21	5.53	-0.44	-0.433	135.1	130.0	0.6	0.333	0.0	0.333	155.8	4	5	9	0.423	1	3	1	1	0	0	1	1	Moderate (1 endoprotease site)	-6.415	0
IPE	3	357.4	357.19	4.6	-1.44	-0.2	55.0	130.0	-0.1	0.333	0.333	0.333	150.0	4	5	9	0.445	0	2	1	1	0	0	1	1	High (no endoprotease site)	-6.396	0
APQIP	5	524.61	524.3	5.57	-0.39	-0.08	79.3	98.0	0.44	0.4	0.0	0.4	205.2	5	7	12	0.206	1	2	0	1	1	0	1	1	Moderate (1 endoprotease site)	-6.368	0
IPV	3	327.42	327.22	5.53	-0.44	2.367	61.3	226.7	1.7	0.667	0.0	0.333	112.7	3	4	7	0.633	0	2	1	1	0	0	1	1	High (no endoprotease site)	-6.362	0
APPR	4	439.51	439.25	9.8	0.61	-1.475	85.0	25.0	0.425	0.25	0.25	0.5	194.9	6	6	9	0.137	1	3	1	1	0	0	1	1	Moderate (1 endoprotease site)	-6.326	0
LPC	3	331.43	331.16	5.52	-0.47	1.567	45.7	130.0	0.5	0.667	0.0	0.333	112.7	4	5	7	0.485	1	3	1	1	0	0	1	1	Moderate (1 endoprotease site)	-6.321	0
LPD	3	343.38	343.17	4.3	-1.44	-0.433	45.7	130.0	0.0	0.333	0.333	0.333	150.0	4	5	8	0.459	1	3	1	1	0	0	1	1	Moderate (1 endoprotease site)	-6.314	0
LPA	3	299.37	299.18	5.53	-0.44	1.333	135.1	163.3	1.0	0.667	0.0	0.333	112.7	3	4	6	0.636	1	3	1	1	0	0	1	1	Moderate (1 endoprotease site)	-6.3	0
LPV	3	327.42	327.22	5.53	-0.44	2.133	135.1	226.7	1.633	0.667	0.0	0.333	112.7	3	4	7	0.633	1	3	1	1	0	0	1	1	Moderate (1 endoprotease site)	-6.298	0
IPI	3	341.45	341.23	5.53	-0.44	2.467	-2.9	260.0	1.9	0.667	0.0	0.333	112.7	3	4	8	0.609	0	2	1	1	0	0	1	1	High (no endoprotease site)	-6.295	0
IPA	3	299.37	299.18	5.53	-0.44	1.567	61.3	163.3	1.067	0.667	0.0	0.333	112.7	3	4	6	0.636	0	2	1	1	0	0	1	1	High (no endoprotease site)	-6.288	0
VPR	3	370.45	370.23	9.72	0.52	-0.633	45.7	96.7	1.3	0.333	0.333	0.333	174.6	6	5	9	0.168	1	3	1	1	0	0	1	1	Moderate (1 endoprotease site)	-6.282	0
LPPA	4	396.48	396.24	5.53	-0.44	0.6	151.9	122.5	0.675	0.5	0.0	0.5	133.0	3	5	7	0.552	1	3	1	1	0	0	1	1	Moderate (1 endoprotease site)	-6.259	0
VPPN	4	425.48	425.23	5.49	-0.48	-0.625	103.8	72.5	0.075	0.25	0.0	0.5	176.1	4	6	8	0.362	1	3	1	1	0	0	1	1	Moderate (1 endoprotease site)	-6.239	0
LPS	3	315.37	315.18	5.53	-0.44	0.467	135.1	130.0	0.5	0.333	0.0	0.333	133.0	4	5	7	0.472	1	3	1	1	0	0	1	1	Moderate (1 endoprotease site)	-6.233	0
VPPK	4	439.55	439.28	8.72	0.52	-0.725	103.8	72.5	0.9	0.25	0.25	0.5	159.1	4	6	10	0.339	1	3	1	1	0	0	1	1	Moderate (1 endoprotease site)	-6.211	0
LPP	3	325.4	325.2	5.53	-0.44	0.2	135.1	130.0	0.733	0.333	0.0	0.667	103.9	2	4	5	0.762	1	2	0	1	1	0	1	1	Moderate (1 endoprotease site)	-6.191	0
LPPG	4	382.45	382.22	5.53	-0.44	0.05	103.8	97.5	0.55	0.25	0.0	0.5	133.0	3	5	7	0.546	1	3	1	1	0	0	1	1	Moderate (1 endoprotease site)	-6.165	0
IPK	3	356.46	356.24	8.75	0.55	-0.333	-2.9	130.0	1.5	0.333	0.333	0.333	138.8	4	5	10	0.408	0	2	1	1	0	0	1	1	High (no endoprotease site)	-6.102	0
VPG	3	271.31	271.15	5.49	-0.48	0.733	70.9	96.7	0.7	0.333	0.0	0.333	112.7	3	4	5	0.603	1	3	1	1	0	0	1	1	Moderate (1 endoprotease site)	-6.085	0
LPK	3	356.46	356.24	8.75	0.55	-0.567	70.9	130.0	1.433	0.333	0.333	0.333	138.8	4	5	10	0.408	1	3	1	1	0	0	1	1	Moderate (1 endoprotease site)	-6.082	0
VPI	3	327.42	327.22	5.49	-0.48	2.367	70.9	226.7	1.7	0.667	0.0	0.333	112.7	3	4	7	0.633	1	3	1	1	0	0	1	1	Moderate (1 endoprotease site)	-6.067	0
LPG	3	285.34	285.17	5.53	-0.44	0.6	70.9	130.0	0.833	0.333	0.0	0.333	112.7	3	4	6	0.612	1	3	1	1	0	0	1	1	Moderate (1 endoprotease site)	-6.039	0
VPA	3	285.34	285.17	5.49	-0.48	1.467	135.1	130.0	0.867	0.667	0.0	0.333	112.7	3	4	5	0.633	1	3	1	1	0	0	1	1	Moderate (1 endoprotease site)	-6.033	0
IPID	4	456.53	456.26	4.3	-1.44	0.975	0.3	195.0	0.8	0.5	0.25	0.25	179.1	5	6	12	0.27	0	2	1	1	0	0	1	1	High (no endoprotease site)	-6.009	0
LAIPP	5	509.64	509.32	5.53	-0.44	1.38	40.8	176.0	1.14	0.6	0.0	0.4	162.1	4	6	11	0.314	2	3	0	1	1	0	1	1	Low (multiple endoprotease sites)	-5.997	0
IPR	3	384.47	384.25	9.75	0.56	-0.533	-28.1	130.0	1.5	0.333	0.333	0.333	174.6	6	5	10	0.162	0	2	1	1	0	0	1	1	High (no endoprotease site)	-5.948	0
APPSQ	5	498.53	498.24	5.57	-0.39	-1.14	162.1	20.0	-0.36	0.2	0.0	0.4	225.5	6	8	11	0.167	2	4	1	1	0	0	1	1	Low (multiple endoprotease sites)	-5.941	0
LPR	3	384.47	384.25	9.75	0.56	-0.767	45.7	130.0	1.433	0.333	0.333	0.333	174.6	6	5	10	0.162	1	3	1	1	0	0	1	1	Moderate (1 endoprotease site)	-5.898	0
LPN	3	342.39	342.19	5.53	-0.44	-0.433	70.9	130.0	0.333	0.333	0.0	0.333	155.8	4	5	8	0.434	1	3	1	1	0	0	1	1	Moderate (1 endoprotease site)	-5.892	0
LAP	3	299.37	299.18	5.53	-0.44	1.333	70.9	163.3	1.0	0.667	0.0	0.333	112.7	3	4	6	0.636	2	3	0	1	1	0	1	1	Low (multiple endoprotease sites)	-5.877	0
LPPV	4	424.53	424.27	5.53	-0.44	1.2	151.9	170.0	1.15	0.5	0.0	0.5	133.0	3	5	8	0.522	1	3	1	1	0	0	1	1	Moderate (1 endoprotease site)	-5.876	0
MPPA	4	414.52	414.19	5.28	-0.72	0.125	213.7	25.0	0.475	0.5	0.0	0.5	133.0	3	6	8	0.494	1	3	1	1	0	0	1	1	Moderate (1 endoprotease site)	-5.876	0
IAP	3	299.37	299.18	5.53	-0.44	1.567	70.9	163.3	1.067	0.667	0.0	0.333	112.7	3	4	6	0.636	1	2	0	1	1	0	1	1	Moderate (1 endoprotease site)	-5.83	0
IPS	3	315.37	315.18	5.53	-0.44	0.7	61.3	130.0	0.567	0.333	0.0	0.333	133.0	4	5	7	0.472	0	2	1	1	0	0	1	1	High (no endoprotease site)	-5.828	0
LPPH	4	462.54	462.26	6.74	-0.41	-0.65	103.8	97.5	0.3	0.25	0.25	0.5	161.7	4	6	9	0.397	1	3	1	1	0	0	1	1	Moderate (1 endoprotease site)	-5.809	0
LPT	3	329.39	329.2	5.53	-0.44	0.5	70.9	130.0	0.733	0.333	0.0	0.333	133.0	4	5	7	0.488	1	3	1	1	0	0	1	1	Moderate (1 endoprotease site)	-5.802	0
LPI	3	341.45	341.23	5.53	-0.44	2.233	70.9	260.0	1.833	0.667	0.0	0.333	112.7	3	4	8	0.609	1	3	1	1	0	0	1	1	Moderate (1 endoprotease site)	-5.796	0
IPDAP	5	511.57	511.26	4.05	-1.44	-0.08	25.7	98.0	0.08	0.4	0.2	0.4	199.4	5	7	11	0.228	1	2	0	1	1	0	1	1	Moderate (1 endoprotease site)	-5.771	0
LPAQP	5	524.61	524.3	5.53	-0.44	-0.22	123.6	98.0	0.4	0.4	0.0	0.4	205.2	5	7	12	0.206	2	3	0	1	1	0	1	1	Low (multiple endoprotease sites)	-5.588	0
CPR	3	374.46	374.17	8.25	0.53	-1.2	45.7	0.0	0.167	0.333	0.333	0.333	174.6	7	6	9	0.106	0	2	1	1	0	0	1	1	High (no endoprotease site)	-5.558	0
LPH	3	365.43	365.21	6.74	-0.41	-0.333	70.9	130.0	0.5	0.333	0.333	0.333	141.4	4	5	8	0.506	1	3	1	1	0	0	1	1	Moderate (1 endoprotease site)	-5.505	0
CPV	3	317.4	317.14	5.52	-0.47	1.7	135.1	96.7	0.367	0.667	0.0	0.333	112.7	4	5	6	0.492	0	2	1	1	0	0	1	1	High (no endoprotease site)	-5.42	0
CPPSK	5	530.64	530.25	8.22	0.53	-1.08	123.6	0.0	-0.16	0.2	0.2	0.4	208.4	7	9	13	0.098	1	3	1	1	0	0	1	1	Moderate (1 endoprotease site)	-4.856	0
