peptide	length	iDPPIV_score	dG_Vina	dG_spread	n_dock	MW	pI	net_charge_7p4	GRAVY	Boman	TPSA	HBD	HBA	QED	GI_stability	DPP4_substrate_motif	is_Top3
APQIP	5	1.565	-6.807	0.000	1	524.3	5.57	-0.39	-0.08	0.44	205.2	5	7	0.206	Moderate (1 endoprotease site)	1	1
LPPGP	5	2.452	-6.558	0.000	1	479.27	5.53	-0.44	-0.28	0.38	153.3	3	6	0.425	Low (multiple endoprotease sites)	1	1
APPSQ	5	0.840	-6.513	0.090	3	498.24	5.57	-0.39	-1.14	-0.36	225.5	6	8	0.167	Low (multiple endoprotease sites)	1	1
APSQP	5	0.840	-6.416	0.131	3	498.24	5.57	-0.39	-1.14	-0.36	225.5	6	8	0.167	Low (multiple endoprotease sites)	1	0
LPGP	4	1.578	-6.392	0.000	1	382.22	5.53	-0.44	0.05	0.55	133.0	3	5	0.546	Low (multiple endoprotease sites)	1	0
IPDAP	5	0.964	-6.380	0.747	2	511.26	4.05	-1.44	-0.08	0.08	199.4	5	7	0.228	Moderate (1 endoprotease site)	1	0
LPEG	4	0.884	-6.320	0.303	3	414.21	4.05	-1.44	-0.425	-0.125	179.1	5	6	0.283	Moderate (1 endoprotease site)	1	0
LAIPP	5	1.247	-6.306	0.000	1	509.32	5.53	-0.44	1.38	1.14	162.1	4	6	0.314	Low (multiple endoprotease sites)	1	0
VPPN	4	1.839	-6.285	0.000	1	425.23	5.49	-0.48	-0.625	0.075	176.1	4	6	0.362	Moderate (1 endoprotease site)	1	0
LPPNS	5	0.799	-6.282	0.456	3	526.28	5.53	-0.44	-0.74	-0.06	225.5	6	8	0.155	Moderate (1 endoprotease site)	1	0
LPTPR	5	0.949	-6.207	0.150	3	582.35	9.75	0.56	-0.92	0.74	244.3	8	8	0.064	Moderate (1 endoprotease site)	1	0
LPPPR	5	1.971	-6.205	0.000	1	578.35	9.75	0.56	-1.1	0.74	215.2	6	7	0.097	Moderate (1 endoprotease site)	1	0
LPPH	4	1.671	-6.204	0.000	1	462.26	6.74	-0.41	-0.65	0.3	161.7	4	6	0.397	Moderate (1 endoprotease site)	1	0
LPPV	4	2.119	-6.176	0.000	1	424.27	5.53	-0.44	1.2	1.15	133.0	3	5	0.522	Moderate (1 endoprotease site)	1	0
LPQI	4	1.248	-6.169	0.000	1	469.29	5.53	-0.44	0.8	1.2	184.9	5	6	0.245	Moderate (1 endoprotease site)	1	0
LPVAP	5	1.619	-6.133	0.000	1	495.31	5.53	-0.44	1.32	1.02	162.1	4	6	0.333	Low (multiple endoprotease sites)	1	0
LPQA	4	0.807	-6.129	0.066	3	427.24	5.53	-0.44	0.125	0.575	184.9	5	6	0.271	Moderate (1 endoprotease site)	1	0
LPPQ	4	2.182	-6.109	0.000	1	453.26	5.53	-0.44	-0.725	0.375	176.1	4	6	0.334	Moderate (1 endoprotease site)	1	0
LPPPS	5	1.897	-6.099	0.000	1	509.28	5.53	-0.44	-0.36	0.18	173.6	4	7	0.303	Moderate (1 endoprotease site)	1	0
LPQGH	5	0.943	-6.010	0.500	3	550.29	6.74	-0.41	-0.98	0.16	242.7	7	8	0.125	Low (multiple endoprotease sites)	1	0
